block,tx_hash
627865,508e59614f442d35a1d901972ab4b4baa5e223251d90c0183a20e23dcf5343ab
718608,fd2b5239c022d60d20da88f3c9288c518713646125f4628cdbc234146e839d17
719194,6da17d7f3519e3218ed898ec9e6d4abcaec7226f3ec98513fea8a54c63d471c5
719774,c6ef8546c4d4b404b40988478a2fd16a81556ac030ca2e956db3ce41883089c8
720168,cb64224eb96ca22118d1af44d3f13a95b844ea93c13e099f78c7307097a9a37d
720186,9a5e5bf667f38affe21203cf51b4ddc6baee0b9e30542c1e9d3152e5f4989aa0
720208,130764d7a801d6f73ba3fec03ab969fbabe3f585b4636ff9ff68b8719e19ab09
720305,dcd5d22043c48f989984827560f4803bb37c75b6afb5adf35caac5edb43612e5
720355,1f6a3288f60c1e23690c8a836d1743f807c53fcb8ea24803f9166b02c1b43720
720450,3a03cfd29bb02a228b1af287963e643925aca8c33b0ada323fda8ad94be567a4
